id,name
video_film_edit_1,Video Filming / Editting
play_allsports_1,Playing Sports
read_book_1,Reading Books
internet_blog_1,Making Blogs / Posts / Research
going_live_events_1,Going to Live Events
watch_movie_1,Watching Movies
play_animal_1,Playing with Animals
cosmetology_1,Cosmetology
concerts_1,Going to Concerts
indoor_plant_1,Planting / Gardening
work_car_1,Making / Working on Cars
cooking_baking_1,Cooking / Baking
discussion_1,Sharing Discussions
play_video_game_1,Playing Video Games
listen_podcast_1,Listening to Podcasts
graphic_design_1,Making Graphic Designs
watch_sports_1,Watching Sports
martial_arts_1,Playing Combat Sports
listen_music1,Listening to Music
invent_1,Making Inventions
hike_1,Hiking
play_soccer_1,Playing Soccer
camp_outdoors_1,Camping / The Outdoors
comedy_performance_writing_1,Making Screenplays / Performances
travel_foreign_dest_1,Traveling Abroad / Locally
work_out_1,Working Out / Gym
roadtrip_1,Road Tripping
paint_1,Painting / Drawing / Coloring
fashion_styling_1,Fashion Styling
photo_video_edit_1,Photography
make_music_1,Making Music
beach_1,Beach Tripping
play_basketball_1,Playing Basketball
invest_stocks_1,Personal Finance / Investing